Suite/Test/Step Name,Browser,Description,Tag,Start time,End time,Duration,Status
Scenario 3,Chrome 96.0.4664.110,,,2021-12-25 20:46:10,2021-12-25 20:47:02,51.920s,PASSED
,,,,,,,
Test Cases/Scenario 3/Test Case 1,Chrome 96.0.4664.110,,,2021-12-25 20:46:11,2021-12-25 20:46:24,13.122s,PASSED
"openBrowser("""")",Chrome 96.0.4664.110,,,2021-12-25 20:46:11,2021-12-25 20:46:15,3.471s,PASSED
"navigateToUrl(""http://localhost:3000/"")",Chrome 96.0.4664.110,,,2021-12-25 20:46:15,2021-12-25 20:46:17,2.667s,PASSED
"click(findTestObject(""Object Repository/Page_Courses Roadmap/button_Sign Up""))",Chrome 96.0.4664.110,,,2021-12-25 20:46:17,2021-12-25 20:46:18,0.809s,PASSED
"setText(findTestObject(""Object Repository/Page_Courses Roadmap/input_Register_form-control""), ""lengocminhnhatntp@gmail.com"")",Chrome 96.0.4664.110,,,2021-12-25 20:46:18,2021-12-25 20:46:19,1.077s,PASSED
"setEncryptedText(findTestObject(""Object Repository/Page_Courses Roadmap/input_Email address_form-control""), ""MfESEYCj3XM="")",Chrome 96.0.4664.110,,,2021-12-25 20:46:19,2021-12-25 20:46:20,0.620s,PASSED
"setEncryptedText(findTestObject(""Object Repository/Page_Courses Roadmap/input_Password_form-control hi""), ""dotnBkgXFhc="")",Chrome 96.0.4664.110,,,2021-12-25 20:46:20,2021-12-25 20:46:20,0.568s,PASSED
"click(findTestObject(""Object Repository/Page_Courses Roadmap/button_Register""))",Chrome 96.0.4664.110,,,2021-12-25 20:46:20,2021-12-25 20:46:22,1.797s,PASSED
closeBrowser(),Chrome 96.0.4664.110,,,2021-12-25 20:46:22,2021-12-25 20:46:24,1.465s,PASSED
,,,,,,,
Test Cases/Scenario 3/Test Case 2,Chrome 96.0.4664.110,,,2021-12-25 20:46:24,2021-12-25 20:46:33,9.162s,PASSED
"openBrowser("""")",Chrome 96.0.4664.110,,,2021-12-25 20:46:24,2021-12-25 20:46:26,1.423s,PASSED
"navigateToUrl(""http://localhost:3000/"")",Chrome 96.0.4664.110,,,2021-12-25 20:46:26,2021-12-25 20:46:28,2.287s,PASSED
"click(findTestObject(""Object Repository/Page_Courses Roadmap/button_Sign Up (1)""))",Chrome 96.0.4664.110,,,2021-12-25 20:46:28,2021-12-25 20:46:29,0.530s,PASSED
"setText(findTestObject(""Object Repository/Page_Courses Roadmap/input_Register_form-control (1)""), ""anhkhoa19@gmail.com"")",Chrome 96.0.4664.110,,,2021-12-25 20:46:29,2021-12-25 20:46:29,0.905s,PASSED
"setEncryptedText(findTestObject(""Object Repository/Page_Courses Roadmap/input_Email address_form-control (1)""), ""aeHFOx8jV/A="")",Chrome 96.0.4664.110,,,2021-12-25 20:46:29,2021-12-25 20:46:30,0.513s,PASSED
"setEncryptedText(findTestObject(""Object Repository/Page_Courses Roadmap/input_Password_form-control hi (1)""), ""RigbBhfdqODKcAsiUrg+1Q=="")",Chrome 96.0.4664.110,,,2021-12-25 20:46:30,2021-12-25 20:46:30,0.483s,PASSED
"click(findTestObject(""Object Repository/Page_Courses Roadmap/button_Register (1)""))",Chrome 96.0.4664.110,,,2021-12-25 20:46:30,2021-12-25 20:46:32,1.723s,PASSED
closeBrowser(),Chrome 96.0.4664.110,,,2021-12-25 20:46:32,2021-12-25 20:46:33,0.733s,PASSED
,,,,,,,
Test Cases/Scenario 3/Test Case 3,Chrome 96.0.4664.110,,,2021-12-25 20:46:33,2021-12-25 20:46:43,10.255s,PASSED
"openBrowser("""")",Chrome 96.0.4664.110,,,2021-12-25 20:46:33,2021-12-25 20:46:35,1.800s,PASSED
"navigateToUrl(""http://localhost:3000/"")",Chrome 96.0.4664.110,,,2021-12-25 20:46:35,2021-12-25 20:46:38,2.387s,PASSED
"click(findTestObject(""Object Repository/Page_Courses Roadmap/button_Sign Up (2)""))",Chrome 96.0.4664.110,,,2021-12-25 20:46:38,2021-12-25 20:46:38,0.555s,PASSED
"setText(findTestObject(""Object Repository/Page_Courses Roadmap/input_Register_form-control (2)""), ""lnmnhat19@gmail.com"")",Chrome 96.0.4664.110,,,2021-12-25 20:46:38,2021-12-25 20:46:39,0.884s,PASSED
"setEncryptedText(findTestObject(""Object Repository/Page_Courses Roadmap/input_Email address_form-control (2)""), ""tzH6RvlfSTg="")",Chrome 96.0.4664.110,,,2021-12-25 20:46:39,2021-12-25 20:46:40,0.518s,PASSED
"setEncryptedText(findTestObject(""Object Repository/Page_Courses Roadmap/input_Password_form-control hi (2)""), ""YRoDGjGiSnA="")",Chrome 96.0.4664.110,,,2021-12-25 20:46:40,2021-12-25 20:46:40,0.497s,PASSED
"click(findTestObject(""Object Repository/Page_Courses Roadmap/button_Register (2)""))",Chrome 96.0.4664.110,,,2021-12-25 20:46:40,2021-12-25 20:46:42,1.871s,PASSED
closeBrowser(),Chrome 96.0.4664.110,,,2021-12-25 20:46:42,2021-12-25 20:46:43,1.255s,PASSED
,,,,,,,
Test Cases/Scenario 3/Test Case 4,Chrome 96.0.4664.110,,,2021-12-25 20:46:43,2021-12-25 20:46:52,9.058s,PASSED
"openBrowser("""")",Chrome 96.0.4664.110,,,2021-12-25 20:46:44,2021-12-25 20:46:45,1.324s,PASSED
"navigateToUrl(""http://localhost:3000/"")",Chrome 96.0.4664.110,,,2021-12-25 20:46:45,2021-12-25 20:46:47,2.222s,PASSED
"click(findTestObject(""Object Repository/Page_Courses Roadmap/button_Sign Up (3)""))",Chrome 96.0.4664.110,,,2021-12-25 20:46:47,2021-12-25 20:46:48,0.512s,PASSED
"setText(findTestObject(""Object Repository/Page_Courses Roadmap/input_Register_form-control (3)""), ""ducnam@gmail.com"")",Chrome 96.0.4664.110,,,2021-12-25 20:46:48,2021-12-25 20:46:49,0.963s,PASSED
"setEncryptedText(findTestObject(""Object Repository/Page_Courses Roadmap/input_Email address_form-control (3)""), ""FvZnUrAlWUE="")",Chrome 96.0.4664.110,,,2021-12-25 20:46:49,2021-12-25 20:46:49,0.518s,PASSED
"setEncryptedText(findTestObject(""Object Repository/Page_Courses Roadmap/input_Password_form-control hi (3)""), ""N5olFOBj9Zwa4GUbhqRwLg=="")",Chrome 96.0.4664.110,,,2021-12-25 20:46:49,2021-12-25 20:46:50,0.584s,PASSED
"click(findTestObject(""Object Repository/Page_Courses Roadmap/button_Register (3)""))",Chrome 96.0.4664.110,,,2021-12-25 20:46:50,2021-12-25 20:46:51,1.721s,PASSED
closeBrowser(),Chrome 96.0.4664.110,,,2021-12-25 20:46:51,2021-12-25 20:46:52,0.735s,PASSED
,,,,,,,
Test Cases/Scenario 3/Test Case 5,Chrome 96.0.4664.110,,,2021-12-25 20:46:52,2021-12-25 20:47:02,9.876s,PASSED
"openBrowser("""")",Chrome 96.0.4664.110,,,2021-12-25 20:46:53,2021-12-25 20:46:54,1.261s,PASSED
"navigateToUrl(""http://localhost:3000/"")",Chrome 96.0.4664.110,,,2021-12-25 20:46:54,2021-12-25 20:46:56,2.399s,PASSED
"click(findTestObject(""Object Repository/Page_Courses Roadmap/button_Sign Up (4)""))",Chrome 96.0.4664.110,,,2021-12-25 20:46:56,2021-12-25 20:46:57,0.542s,PASSED
"setText(findTestObject(""Object Repository/Page_Courses Roadmap/input_Register_form-control (4)""), ""huyanh19clc@gmail.com"")",Chrome 96.0.4664.110,,,2021-12-25 20:46:57,2021-12-25 20:46:58,0.979s,PASSED
"setEncryptedText(findTestObject(""Object Repository/Page_Courses Roadmap/input_Email address_form-control (4)""), ""00QiDgm/K5I="")",Chrome 96.0.4664.110,,,2021-12-25 20:46:58,2021-12-25 20:46:58,0.617s,PASSED
"setEncryptedText(findTestObject(""Object Repository/Page_Courses Roadmap/input_Password_form-control hi (4)""), ""CEc0MRIq6ls="")",Chrome 96.0.4664.110,,,2021-12-25 20:46:58,2021-12-25 20:46:59,0.502s,PASSED
"click(findTestObject(""Object Repository/Page_Courses Roadmap/button_Register (4)""))",Chrome 96.0.4664.110,,,2021-12-25 20:46:59,2021-12-25 20:47:01,1.833s,PASSED
closeBrowser(),Chrome 96.0.4664.110,,,2021-12-25 20:47:01,2021-12-25 20:47:02,1.249s,PASSED
