Suite/Test/Step Name,Browser,Description,Tag,Start time,End time,Duration,Status
Scenario 3,Chrome 96.0.4664.110,,,2021-12-25 17:38:13,2021-12-25 17:38:43,30.452s,PASSED
,,,,,,,
Test Cases/Scenario 3/Test Case 1,Chrome 96.0.4664.110,,,2021-12-25 17:38:13,2021-12-25 17:38:21,7.495s,PASSED
"openBrowser("""")",Chrome 96.0.4664.110,,,2021-12-25 17:38:14,2021-12-25 17:38:17,3.368s,PASSED
"navigateToUrl(""http://localhost:3000/"")",Chrome 96.0.4664.110,,,2021-12-25 17:38:17,2021-12-25 17:38:19,1.855s,PASSED
"setText(findTestObject(""Object Repository/Page_Courses Roadmap/input_Login_form-control""), ""namworkmc@gmail.com"")",Chrome 96.0.4664.110,,,2021-12-25 17:38:19,2021-12-25 17:38:20,0.854s,PASSED
"setEncryptedText(findTestObject(""Object Repository/Page_Courses Roadmap/input_Email address_form-control""), ""qeJ0sjJnwEs="")",Chrome 96.0.4664.110,,,2021-12-25 17:38:20,2021-12-25 17:38:20,0.534s,PASSED
"click(findTestObject(""Object Repository/Page_Courses Roadmap/button_Login""))",Chrome 96.0.4664.110,,,2021-12-25 17:38:20,2021-12-25 17:38:21,0.429s,PASSED
,,,,,,,
Test Cases/Scenario 3/Test Case 2,Chrome 96.0.4664.110,,,2021-12-25 17:38:21,2021-12-25 17:38:27,6.088s,PASSED
"openBrowser("""")",Chrome 96.0.4664.110,,,2021-12-25 17:38:21,2021-12-25 17:38:23,2.121s,PASSED
"navigateToUrl(""http://localhost:3000/"")",Chrome 96.0.4664.110,,,2021-12-25 17:38:23,2021-12-25 17:38:25,1.557s,PASSED
"setText(findTestObject(""Object Repository/Page_Courses Roadmap/input_Login_form-control (1)""), ""namworkmc@gmail.com"")",Chrome 96.0.4664.110,,,2021-12-25 17:38:25,2021-12-25 17:38:26,0.984s,PASSED
"setEncryptedText(findTestObject(""Object Repository/Page_Courses Roadmap/input_Email address_form-control (1)""), ""VVQVv6E0aAm2zuT8I081mA=="")",Chrome 96.0.4664.110,,,2021-12-25 17:38:26,2021-12-25 17:38:26,0.582s,PASSED
"click(findTestObject(""Object Repository/Page_Courses Roadmap/button_Login (1)""))",Chrome 96.0.4664.110,,,2021-12-25 17:38:26,2021-12-25 17:38:27,0.428s,PASSED
,,,,,,,
Test Cases/Scenario 3/Test Case 3,Chrome 96.0.4664.110,,,2021-12-25 17:38:27,2021-12-25 17:38:32,5.388s,PASSED
"openBrowser("""")",Chrome 96.0.4664.110,,,2021-12-25 17:38:27,2021-12-25 17:38:29,1.941s,PASSED
"navigateToUrl(""http://localhost:3000/"")",Chrome 96.0.4664.110,,,2021-12-25 17:38:29,2021-12-25 17:38:30,1.475s,PASSED
"setText(findTestObject(""Object Repository/Page_Courses Roadmap/input_Login_form-control (2)""), ""namworkmc@gmail.com"")",Chrome 96.0.4664.110,,,2021-12-25 17:38:30,2021-12-25 17:38:31,0.789s,PASSED
"setEncryptedText(findTestObject(""Object Repository/Page_Courses Roadmap/input_Email address_form-control (2)""), ""fN6vfqveiSv2HtkD1yPpYg=="")",Chrome 96.0.4664.110,,,2021-12-25 17:38:31,2021-12-25 17:38:32,0.419s,PASSED
"click(findTestObject(""Object Repository/Page_Courses Roadmap/button_Login (2)""))",Chrome 96.0.4664.110,,,2021-12-25 17:38:32,2021-12-25 17:38:32,0.434s,PASSED
,,,,,,,
Test Cases/Scenario 3/Test Case 4,Chrome 96.0.4664.110,,,2021-12-25 17:38:32,2021-12-25 17:38:38,5.516s,PASSED
"openBrowser("""")",Chrome 96.0.4664.110,,,2021-12-25 17:38:32,2021-12-25 17:38:34,1.924s,PASSED
"navigateToUrl(""http://localhost:3000/"")",Chrome 96.0.4664.110,,,2021-12-25 17:38:34,2021-12-25 17:38:36,1.527s,PASSED
"setText(findTestObject(""Object Repository/Page_Courses Roadmap/input_Login_form-control (3)""), ""namwork@gmail.com"")",Chrome 96.0.4664.110,,,2021-12-25 17:38:36,2021-12-25 17:38:37,0.912s,PASSED
"setEncryptedText(findTestObject(""Object Repository/Page_Courses Roadmap/input_Email address_form-control (3)""), ""aeHFOx8jV/A="")",Chrome 96.0.4664.110,,,2021-12-25 17:38:37,2021-12-25 17:38:37,0.404s,PASSED
"click(findTestObject(""Object Repository/Page_Courses Roadmap/button_Login (3)""))",Chrome 96.0.4664.110,,,2021-12-25 17:38:37,2021-12-25 17:38:38,0.412s,PASSED
,,,,,,,
Test Cases/Scenario 3/Test Case 5,Chrome 96.0.4664.110,,,2021-12-25 17:38:38,2021-12-25 17:38:43,5.632s,PASSED
"openBrowser("""")",Chrome 96.0.4664.110,,,2021-12-25 17:38:38,2021-12-25 17:38:40,1.872s,PASSED
"navigateToUrl(""http://localhost:3000/"")",Chrome 96.0.4664.110,,,2021-12-25 17:38:40,2021-12-25 17:38:42,1.727s,PASSED
"setText(findTestObject(""Object Repository/Page_Courses Roadmap/input_Login_form-control (4)""), ""namworkmc"")",Chrome 96.0.4664.110,,,2021-12-25 17:38:42,2021-12-25 17:38:42,0.796s,PASSED
"setEncryptedText(findTestObject(""Object Repository/Page_Courses Roadmap/input_Email address_form-control (4)""), ""aeHFOx8jV/A="")",Chrome 96.0.4664.110,,,2021-12-25 17:38:42,2021-12-25 17:38:43,0.508s,PASSED
"click(findTestObject(""Object Repository/Page_Courses Roadmap/button_Login (4)""))",Chrome 96.0.4664.110,,,2021-12-25 17:38:43,2021-12-25 17:38:43,0.415s,PASSED
