Suite/Test/Step Name,Browser,Description,Tag,Start time,End time,Duration,Status
Scenario 4,Chrome 96.0.4664.110,,,2021-12-25 17:48:24,2021-12-25 17:48:53,28.608s,PASSED
,,,,,,,
Test Cases/Scenario 4/Test Case 1,Chrome 96.0.4664.110,,,2021-12-25 17:48:25,2021-12-25 17:48:31,6.302s,PASSED
"openBrowser("""")",Chrome 96.0.4664.110,,,2021-12-25 17:48:25,2021-12-25 17:48:27,2.339s,PASSED
"navigateToUrl(""http://localhost:3000/"")",Chrome 96.0.4664.110,,,2021-12-25 17:48:27,2021-12-25 17:48:29,1.832s,PASSED
"setText(findTestObject(""Object Repository/Page_Courses Roadmap/input_Login_form-control (5)""), ""namworkmc@gmail.com"")",Chrome 96.0.4664.110,,,2021-12-25 17:48:29,2021-12-25 17:48:30,0.847s,PASSED
"setEncryptedText(findTestObject(""Object Repository/Page_Courses Roadmap/input_Email address_form-control (5)""), ""aeHFOx8jV/A="")",Chrome 96.0.4664.110,,,2021-12-25 17:48:30,2021-12-25 17:48:30,0.452s,PASSED
"click(findTestObject(""Object Repository/Page_Courses Roadmap/button_Login (5)""))",Chrome 96.0.4664.110,,,2021-12-25 17:48:30,2021-12-25 17:48:31,0.445s,PASSED
,,,,,,,
Test Cases/Scenario 4/Test Case 2,Chrome 96.0.4664.110,,,2021-12-25 17:48:31,2021-12-25 17:48:37,5.739s,PASSED
"openBrowser("""")",Chrome 96.0.4664.110,,,2021-12-25 17:48:31,2021-12-25 17:48:33,2.048s,PASSED
"navigateToUrl(""http://localhost:3000/"")",Chrome 96.0.4664.110,,,2021-12-25 17:48:33,2021-12-25 17:48:35,1.723s,PASSED
"setText(findTestObject(""Object Repository/Page_Courses Roadmap/input_Login_form-control (6)""), ""namworkmc+1@gmail.com"")",Chrome 96.0.4664.110,,,2021-12-25 17:48:35,2021-12-25 17:48:36,0.750s,PASSED
"setEncryptedText(findTestObject(""Object Repository/Page_Courses Roadmap/input_Email address_form-control (6)""), ""Tscr9DIxB28="")",Chrome 96.0.4664.110,,,2021-12-25 17:48:36,2021-12-25 17:48:36,0.457s,PASSED
"sendKeys(findTestObject(""Object Repository/Page_Courses Roadmap/input_Email address_form-control (6)""), Keys.chord(ENTER))",Chrome 96.0.4664.110,,,2021-12-25 17:48:36,2021-12-25 17:48:37,0.377s,PASSED
,,,,,,,
Test Cases/Scenario 4/Test Case 3,Chrome 96.0.4664.110,,,2021-12-25 17:48:37,2021-12-25 17:48:42,5.493s,PASSED
"openBrowser("""")",Chrome 96.0.4664.110,,,2021-12-25 17:48:37,2021-12-25 17:48:39,1.928s,PASSED
"navigateToUrl(""http://localhost:3000/"")",Chrome 96.0.4664.110,,,2021-12-25 17:48:39,2021-12-25 17:48:41,1.717s,PASSED
"setText(findTestObject(""Object Repository/Page_Courses Roadmap/input_Login_form-control (7)""), ""namworkmc+2@gmail.com"")",Chrome 96.0.4664.110,,,2021-12-25 17:48:41,2021-12-25 17:48:41,0.729s,PASSED
"setEncryptedText(findTestObject(""Object Repository/Page_Courses Roadmap/input_Email address_form-control (7)""), ""VVQVv6E0aAm2zuT8I081mA=="")",Chrome 96.0.4664.110,,,2021-12-25 17:48:41,2021-12-25 17:48:42,0.427s,PASSED
"sendKeys(findTestObject(""Object Repository/Page_Courses Roadmap/input_Email address_form-control (7)""), Keys.chord(ENTER))",Chrome 96.0.4664.110,,,2021-12-25 17:48:42,2021-12-25 17:48:42,0.392s,PASSED
,,,,,,,
Test Cases/Scenario 4/Test Case 4,Chrome 96.0.4664.110,,,2021-12-25 17:48:42,2021-12-25 17:48:48,5.395s,PASSED
"openBrowser("""")",Chrome 96.0.4664.110,,,2021-12-25 17:48:43,2021-12-25 17:48:44,1.896s,PASSED
"navigateToUrl(""http://localhost:3000/"")",Chrome 96.0.4664.110,,,2021-12-25 17:48:44,2021-12-25 17:48:46,1.545s,PASSED
"setText(findTestObject(""Object Repository/Page_Courses Roadmap/input_Login_form-control (8)""), ""dukenam@gmail.com"")",Chrome 96.0.4664.110,,,2021-12-25 17:48:46,2021-12-25 17:48:47,0.789s,PASSED
"setEncryptedText(findTestObject(""Object Repository/Page_Courses Roadmap/input_Email address_form-control (8)""), ""zdiWQ4qDX8oYkMXvOV/Sfg=="")",Chrome 96.0.4664.110,,,2021-12-25 17:48:47,2021-12-25 17:48:47,0.414s,PASSED
"click(findTestObject(""Object Repository/Page_Courses Roadmap/button_Login (6)""))",Chrome 96.0.4664.110,,,2021-12-25 17:48:47,2021-12-25 17:48:48,0.448s,PASSED
,,,,,,,
Test Cases/Scenario 4/Test Case 5,Chrome 96.0.4664.110,,,2021-12-25 17:48:48,2021-12-25 17:48:53,5.384s,PASSED
"openBrowser("""")",Chrome 96.0.4664.110,,,2021-12-25 17:48:48,2021-12-25 17:48:50,1.913s,PASSED
"navigateToUrl(""http://localhost:3000/"")",Chrome 96.0.4664.110,,,2021-12-25 17:48:50,2021-12-25 17:48:51,1.585s,PASSED
"setText(findTestObject(""Object Repository/Page_Courses Roadmap/input_Login_form-control (9)""), ""frogeha@gmail.com"")",Chrome 96.0.4664.110,,,2021-12-25 17:48:51,2021-12-25 17:48:52,0.705s,PASSED
"setEncryptedText(findTestObject(""Object Repository/Page_Courses Roadmap/input_Email address_form-control (9)""), ""ZkYqBf9WyLpBTlv8kD0/ig=="")",Chrome 96.0.4664.110,,,2021-12-25 17:48:52,2021-12-25 17:48:53,0.498s,PASSED
"click(findTestObject(""Object Repository/Page_Courses Roadmap/button_Login (7)""))",Chrome 96.0.4664.110,,,2021-12-25 17:48:53,2021-12-25 17:48:53,0.370s,PASSED
