Suite/Test/Step Name,Browser,Description,Tag,Start time,End time,Duration,Status
Register - Scenario 5,Chrome 96.0.4664.110,,,2021-12-25 19:32:10,2021-12-25 19:34:21,2m - 11.290s,PASSED
,,,,,,,
Test Cases/Register/Scenario 5/Test Case 1,Chrome 96.0.4664.110,,,2021-12-25 19:32:57,2021-12-25 19:33:23,25.936s,PASSED
"openBrowser("""")",Chrome 96.0.4664.110,,,2021-12-25 19:32:57,2021-12-25 19:32:59,2.177s,PASSED
"navigateToUrl(""http://localhost:3000/login"")",Chrome 96.0.4664.110,,,2021-12-25 19:32:59,2021-12-25 19:33:01,2.200s,PASSED
"click(findTestObject(""Object Repository/Page_Courses Roadmap/button_Sign Up""))",Chrome 96.0.4664.110,,,2021-12-25 19:33:01,2021-12-25 19:33:02,0.419s,PASSED
"click(findTestObject(""Object Repository/Page_Courses Roadmap/div_RegisterEmail addressPasswordConfirm Pa_b06579""))",Chrome 96.0.4664.110,,,2021-12-25 19:33:02,2021-12-25 19:33:03,1.267s,PASSED
"click(findTestObject(""Object Repository/Page_Courses Roadmap/button_Sign up with Google""))",Chrome 96.0.4664.110,,,2021-12-25 19:33:03,2021-12-25 19:33:04,0.580s,PASSED
"switchToWindowTitle(""Đăng nhập - Tài khoản Google"")",Chrome 96.0.4664.110,,,2021-12-25 19:33:04,2021-12-25 19:33:08,4.744s,PASSED
"setText(findTestObject(""Object Repository/Page_ng nhp - Ti khon Google/input_test-b6178.firebaseapp.com_identifier""), ""a"")",Chrome 96.0.4664.110,,,2021-12-25 19:33:08,2021-12-25 19:33:09,1.043s,PASSED
"click(findTestObject(""Object Repository/Page_ng nhp - Ti khon Google/div_Bn qun a ch email_VfPpkd-RLmnJb""))",Chrome 96.0.4664.110,,,2021-12-25 19:33:09,2021-12-25 19:33:21,11.546s,PASSED
"setText(findTestObject(""Object Repository/Page_ng nhp - Ti khon Google/input_Bn qun a ch email_ca""), ""randuledi"")",Chrome 96.0.4664.110,,,2021-12-25 19:33:21,2021-12-25 19:33:22,1.460s,PASSED
"sendKeys(findTestObject(""Object Repository/Page_ng nhp - Ti khon Google/input_Bn qun a ch email_ca""), Keys.chord(ENTER))",Chrome 96.0.4664.110,,,2021-12-25 19:33:22,2021-12-25 19:33:23,0.483s,PASSED
,,,,,,,
Test Cases/Register/Scenario 5/Test Case 2,Chrome 96.0.4664.110,,,2021-12-25 19:33:23,2021-12-25 19:33:39,15.833s,PASSED
"openBrowser("""")",Chrome 96.0.4664.110,,,2021-12-25 19:33:23,2021-12-25 19:33:25,2.208s,PASSED
"navigateToUrl(""http://localhost:3000/login"")",Chrome 96.0.4664.110,,,2021-12-25 19:33:25,2021-12-25 19:33:28,2.390s,PASSED
"click(findTestObject(""Object Repository/Page_Courses Roadmap/button_Sign Up""))",Chrome 96.0.4664.110,,,2021-12-25 19:33:28,2021-12-25 19:33:28,0.482s,PASSED
"click(findTestObject(""Object Repository/Page_Courses Roadmap/button_Sign up with Google""))",Chrome 96.0.4664.110,,,2021-12-25 19:33:28,2021-12-25 19:33:31,2.558s,PASSED
"switchToWindowTitle(""Đăng nhập - Tài khoản Google"")",Chrome 96.0.4664.110,,,2021-12-25 19:33:31,2021-12-25 19:33:35,4.202s,PASSED
"setText(findTestObject(""Object Repository/Page_ng nhp - Ti khon Google/input_test-b6178.firebaseapp.com_identifier""), ""anhkhoa24@gmail.com"")",Chrome 96.0.4664.110,,,2021-12-25 19:33:35,2021-12-25 19:33:36,1.142s,PASSED
"click(findTestObject(""Object Repository/Page_ng nhp - Ti khon Google/span_Tip theo""))",Chrome 96.0.4664.110,,,2021-12-25 19:33:36,2021-12-25 19:33:37,0.559s,PASSED
"click(findTestObject(""Object Repository/Page_ng nhp - Ti khon Google/span_Th li""))",Chrome 96.0.4664.110,,,2021-12-25 19:33:37,2021-12-25 19:33:39,2.082s,PASSED
,,,,,,,
Test Cases/Register/Scenario 5/Test Case 3,Chrome 96.0.4664.110,,,2021-12-25 19:33:39,2021-12-25 19:33:48,9.814s,PASSED
"openBrowser("""")",Chrome 96.0.4664.110,,,2021-12-25 19:33:39,2021-12-25 19:33:42,2.319s,PASSED
"navigateToUrl(""http://localhost:3000/login"")",Chrome 96.0.4664.110,,,2021-12-25 19:33:42,2021-12-25 19:33:44,2.759s,PASSED
"click(findTestObject(""Object Repository/Page_Courses Roadmap/button_Sign Up""))",Chrome 96.0.4664.110,,,2021-12-25 19:33:44,2021-12-25 19:33:45,0.372s,PASSED
"click(findTestObject(""Object Repository/Page_Courses Roadmap/button_I forgot my password""))",Chrome 96.0.4664.110,,,2021-12-25 19:33:45,2021-12-25 19:33:45,0.564s,PASSED
"click(findTestObject(""Object Repository/Page_Courses Roadmap/button_Reset your password_btn-close""))",Chrome 96.0.4664.110,,,2021-12-25 19:33:45,2021-12-25 19:33:46,0.712s,PASSED
"click(findTestObject(""Object Repository/Page_Courses Roadmap/button_Sign up with Google""))",Chrome 96.0.4664.110,,,2021-12-25 19:33:46,2021-12-25 19:33:47,0.871s,PASSED
"click(findTestObject(""Object Repository/Page_Courses Roadmap/p_Welcome to visit our websiteYou can disco_f53945""))",Chrome 96.0.4664.110,,,2021-12-25 19:33:47,2021-12-25 19:33:47,0.528s,PASSED
"doubleClick(findTestObject(""Object Repository/Page_Courses Roadmap/div_Sign up with Google""))",Chrome 96.0.4664.110,,,2021-12-25 19:33:47,2021-12-25 19:33:48,1.142s,PASSED
,,,,,,,
Test Cases/Register/Scenario 5/Test Case 4,Chrome 96.0.4664.110,,,2021-12-25 19:33:48,2021-12-25 19:34:04,15.785s,PASSED
"openBrowser("""")",Chrome 96.0.4664.110,,,2021-12-25 19:33:49,2021-12-25 19:33:51,2.272s,PASSED
"navigateToUrl(""http://localhost:3000/login"")",Chrome 96.0.4664.110,,,2021-12-25 19:33:51,2021-12-25 19:33:53,2.156s,PASSED
"click(findTestObject(""Object Repository/Page_Courses Roadmap/button_Sign Up""))",Chrome 96.0.4664.110,,,2021-12-25 19:33:53,2021-12-25 19:33:54,0.548s,PASSED
"click(findTestObject(""Object Repository/Page_Courses Roadmap/button_Sign In""))",Chrome 96.0.4664.110,,,2021-12-25 19:33:54,2021-12-25 19:33:54,0.515s,PASSED
"setText(findTestObject(""Object Repository/Page_Courses Roadmap/input_Login_form-control""), ""1"")",Chrome 96.0.4664.110,,,2021-12-25 19:33:54,2021-12-25 19:33:55,0.921s,PASSED
"setEncryptedText(findTestObject(""Object Repository/Page_Courses Roadmap/input_Email address_form-control""), ""YC0926CP/9Y="")",Chrome 96.0.4664.110,,,2021-12-25 19:33:55,2021-12-25 19:33:56,0.542s,PASSED
"click(findTestObject(""Object Repository/Page_Courses Roadmap/button_Login""))",Chrome 96.0.4664.110,,,2021-12-25 19:33:56,2021-12-25 19:33:56,0.408s,PASSED
"click(findTestObject(""Object Repository/Page_Courses Roadmap/button_Sign Up""))",Chrome 96.0.4664.110,,,2021-12-25 19:33:56,2021-12-25 19:33:57,0.940s,PASSED
"setText(findTestObject(""Object Repository/Page_Courses Roadmap/input_Login_form-control""), ""1"")",Chrome 96.0.4664.110,,,2021-12-25 19:33:57,2021-12-25 19:33:58,0.840s,PASSED
"click(findTestObject(""Object Repository/Page_Courses Roadmap/b_Google""))",Chrome 96.0.4664.110,,,2021-12-25 19:33:58,2021-12-25 19:33:58,0.446s,PASSED
"switchToWindowTitle(""Đăng nhập - Tài khoản Google"")",Chrome 96.0.4664.110,,,2021-12-25 19:33:58,2021-12-25 19:34:03,4.279s,PASSED
"setText(findTestObject(""Object Repository/Page_ng nhp - Ti khon Google/input_test-b6178.firebaseapp.com_identifier""), ""a2@"")",Chrome 96.0.4664.110,,,2021-12-25 19:34:03,2021-12-25 19:34:04,1.020s,PASSED
"click(findTestObject(""Object Repository/Page_ng nhp - Ti khon Google/span_Tip theo""))",Chrome 96.0.4664.110,,,2021-12-25 19:34:04,2021-12-25 19:34:04,0.494s,PASSED
,,,,,,,
Test Cases/Register/Scenario 5/Test Case 5,Chrome 96.0.4664.110,,,2021-12-25 19:34:04,2021-12-25 19:34:21,16.720s,PASSED
"openBrowser("""")",Chrome 96.0.4664.110,,,2021-12-25 19:34:05,2021-12-25 19:34:07,2.283s,PASSED
"navigateToUrl(""http://localhost:3000/login"")",Chrome 96.0.4664.110,,,2021-12-25 19:34:07,2021-12-25 19:34:10,3.033s,PASSED
"click(findTestObject(""Object Repository/Page_Courses Roadmap/button_Sign Up""))",Chrome 96.0.4664.110,,,2021-12-25 19:34:10,2021-12-25 19:34:10,0.385s,PASSED
"click(findTestObject(""Object Repository/Page_Courses Roadmap/button_Register""))",Chrome 96.0.4664.110,,,2021-12-25 19:34:10,2021-12-25 19:34:12,1.569s,PASSED
"click(findTestObject(""Object Repository/Page_Courses Roadmap/button_Sign Up""))",Chrome 96.0.4664.110,,,2021-12-25 19:34:12,2021-12-25 19:34:12,0.499s,PASSED
"click(findTestObject(""Object Repository/Page_Courses Roadmap/button_Sign up with Google""))",Chrome 96.0.4664.110,,,2021-12-25 19:34:12,2021-12-25 19:34:13,0.614s,PASSED
"switchToWindowTitle(""Đăng nhập - Tài khoản Google"")",Chrome 96.0.4664.110,,,2021-12-25 19:34:13,2021-12-25 19:34:17,4.204s,PASSED
"click(findTestObject(""Object Repository/Page_ng nhp - Ti khon Google/a_Bo mt""))",Chrome 96.0.4664.110,,,2021-12-25 19:34:17,2021-12-25 19:34:18,0.974s,PASSED
"switchToWindowTitle(""Courses Roadmap"")",Chrome 96.0.4664.110,,,2021-12-25 19:34:18,2021-12-25 19:34:18,0.328s,PASSED
"click(findTestObject(""Object Repository/Page_Courses Roadmap/div_RegisterEmail addressPasswordConfirm Pa_b06579""))",Chrome 96.0.4664.110,,,2021-12-25 19:34:18,2021-12-25 19:34:19,0.381s,PASSED
"click(findTestObject(""Object Repository/Page_Courses Roadmap/div_Register""))",Chrome 96.0.4664.110,,,2021-12-25 19:34:19,2021-12-25 19:34:19,0.396s,PASSED
"doubleClick(findTestObject(""Object Repository/Page_Courses Roadmap/div_Sign up with Google""))",Chrome 96.0.4664.110,,,2021-12-25 19:34:19,2021-12-25 19:34:20,0.537s,PASSED
"click(findTestObject(""Object Repository/Page_Courses Roadmap/div_Sign up with Google""))",Chrome 96.0.4664.110,,,2021-12-25 19:34:20,2021-12-25 19:34:20,0.427s,PASSED
"click(findTestObject(""Object Repository/Page_Courses Roadmap/div_Sign up with Google""))",Chrome 96.0.4664.110,,,2021-12-25 19:34:20,2021-12-25 19:34:21,0.381s,PASSED
"click(findTestObject(""Object Repository/Page_Courses Roadmap/div_Sign up with Google""))",Chrome 96.0.4664.110,,,2021-12-25 19:34:21,2021-12-25 19:34:21,0.393s,PASSED
