Suite/Test/Step Name,Browser,Description,Tag,Start time,End time,Duration,Status
Login - Scenario 5,Chrome 96.0.4664.110,,,2021-12-25 19:29:51,2021-12-25 19:31:23,1m - 32.236s,PASSED
,,,,,,,
Test Cases/Login/Scenario 5/Test Case 1,Chrome 96.0.4664.110,,,2021-12-25 19:29:51,2021-12-25 19:30:11,19.700s,PASSED
"openBrowser("""")",Chrome 96.0.4664.110,,,2021-12-25 19:29:52,2021-12-25 19:29:55,3.689s,PASSED
"navigateToUrl(""http://localhost:3000/login"")",Chrome 96.0.4664.110,,,2021-12-25 19:29:55,2021-12-25 19:29:58,2.448s,PASSED
"click(findTestObject(""Object Repository/Page_Courses Roadmap/button_Sign in with Google""))",Chrome 96.0.4664.110,,,2021-12-25 19:29:58,2021-12-25 19:29:58,0.559s,PASSED
"switchToWindowTitle(""Đăng nhập - Tài khoản Google"")",Chrome 96.0.4664.110,,,2021-12-25 19:29:58,2021-12-25 19:30:03,4.353s,PASSED
"setText(findTestObject(""Object Repository/Page_ng nhp - Ti khon Google/input_test-b6178.firebaseapp.com_identifier""), ""anhkhoa24082001@gmail.com"")",Chrome 96.0.4664.110,,,2021-12-25 19:30:03,2021-12-25 19:30:04,1.292s,PASSED
"click(findTestObject(""Object Repository/Page_ng nhp - Ti khon Google/span_Tip theo""))",Chrome 96.0.4664.110,,,2021-12-25 19:30:04,2021-12-25 19:30:04,0.470s,PASSED
"click(findTestObject(""Object Repository/Page_ng nhp - Ti khon Google/div_Th li""))",Chrome 96.0.4664.110,,,2021-12-25 19:30:04,2021-12-25 19:30:06,1.376s,PASSED
"click(findTestObject(""Object Repository/Page_ng nhp - Ti khon Google/span_Th li""))",Chrome 96.0.4664.110,,,2021-12-25 19:30:06,2021-12-25 19:30:08,1.941s,PASSED
"setText(findTestObject(""Object Repository/Page_ng nhp - Ti khon Google/input_test-b6178.firebaseapp.com_identifier""), ""123"")",Chrome 96.0.4664.110,,,2021-12-25 19:30:08,2021-12-25 19:30:09,1.159s,PASSED
"click(findTestObject(""Object Repository/Page_ng nhp - Ti khon Google/span_Tip theo""))",Chrome 96.0.4664.110,,,2021-12-25 19:30:09,2021-12-25 19:30:10,0.617s,PASSED
"click(findTestObject(""Object Repository/Page_ng nhp - Ti khon Google/div_Hy th dng trnh duyt khc. Nu ang dng mt _9d4283""))",Chrome 96.0.4664.110,,,2021-12-25 19:30:10,2021-12-25 19:30:11,1.482s,PASSED
,,,,,,,
Test Cases/Login/Scenario 5/Test Case 2,Chrome 96.0.4664.110,,,2021-12-25 19:30:11,2021-12-25 19:30:25,13.681s,PASSED
"openBrowser("""")",Chrome 96.0.4664.110,,,2021-12-25 19:30:12,2021-12-25 19:30:15,2.984s,PASSED
"navigateToUrl(""http://localhost:3000/login"")",Chrome 96.0.4664.110,,,2021-12-25 19:30:15,2021-12-25 19:30:17,2.550s,PASSED
"click(findTestObject(""Object Repository/Page_Courses Roadmap/button_Sign in with Google""))",Chrome 96.0.4664.110,,,2021-12-25 19:30:17,2021-12-25 19:30:18,0.439s,PASSED
"switchToWindowTitle(""Đăng nhập - Tài khoản Google"")",Chrome 96.0.4664.110,,,2021-12-25 19:30:18,2021-12-25 19:30:22,4.579s,PASSED
"click(findTestObject(""Object Repository/Page_ng nhp - Ti khon Google/div_Email hoc s in thoiBn qun a ch emailG v_a9fcbc""))",Chrome 96.0.4664.110,,,2021-12-25 19:30:22,2021-12-25 19:30:23,0.918s,PASSED
"setText(findTestObject(""Object Repository/Page_ng nhp - Ti khon Google/input_test-b6178.firebaseapp.com_identifier""), ""anhkho@gmail.com"")",Chrome 96.0.4664.110,,,2021-12-25 19:30:23,2021-12-25 19:30:24,0.858s,PASSED
"click(findTestObject(""Object Repository/Page_ng nhp - Ti khon Google/div_Email hoc s in thoiBn qun a ch emailG v_c10fdc""))",Chrome 96.0.4664.110,,,2021-12-25 19:30:24,2021-12-25 19:30:24,0.415s,PASSED
"click(findTestObject(""Object Repository/Page_ng nhp - Ti khon Google/span_Tip theo""))",Chrome 96.0.4664.110,,,2021-12-25 19:30:24,2021-12-25 19:30:25,0.402s,PASSED
,,,,,,,
Test Cases/Login/Scenario 5/Test Case 3,Chrome 96.0.4664.110,,,2021-12-25 19:30:25,2021-12-25 19:31:07,42.165s,PASSED
"openBrowser("""")",Chrome 96.0.4664.110,,,2021-12-25 19:30:25,2021-12-25 19:30:28,2.660s,PASSED
"navigateToUrl(""http://localhost:3000/login"")",Chrome 96.0.4664.110,,,2021-12-25 19:30:28,2021-12-25 19:30:31,2.969s,PASSED
"click(findTestObject(""Object Repository/Page_Courses Roadmap/button_Sign in with Google""))",Chrome 96.0.4664.110,,,2021-12-25 19:30:31,2021-12-25 19:30:31,0.433s,PASSED
"switchToWindowTitle(""Đăng nhập - Tài khoản Google"")",Chrome 96.0.4664.110,,,2021-12-25 19:30:31,2021-12-25 19:30:36,4.625s,PASSED
"click(findTestObject(""Object Repository/Page_ng nhp - Ti khon Google/span_Tao tai khoan""))",Chrome 96.0.4664.110,,,2021-12-25 19:30:36,2021-12-25 19:30:39,2.637s,PASSED
"setText(findTestObject(""Object Repository/Page_To Ti khon Google/input_To Ti khon Google_lastName""), ""phung"")",Chrome 96.0.4664.110,,,2021-12-25 19:30:39,2021-12-25 19:30:40,1.775s,PASSED
"setText(findTestObject(""Object Repository/Page_To Ti khon Google/input_To Ti khon Google_firstName""), ""khoa"")",Chrome 96.0.4664.110,,,2021-12-25 19:30:40,2021-12-25 19:30:41,0.839s,PASSED
"click(findTestObject(""Object Repository/Page_To Ti khon Google/div_Tn ngi dnggmail.com""))",Chrome 96.0.4664.110,,,2021-12-25 19:30:41,2021-12-25 19:30:42,0.615s,PASSED
"setText(findTestObject(""Object Repository/Page_To Ti khon Google/input_To Ti khon Google_Username""), ""kp18@gmail.com"")",Chrome 96.0.4664.110,,,2021-12-25 19:30:42,2021-12-25 19:30:43,0.882s,PASSED
"setEncryptedText(findTestObject(""Object Repository/Page_To Ti khon Google/input_S dng a ch email hin ti ca ti_Passwd""), ""aeHFOx8jV/A="")",Chrome 96.0.4664.110,,,2021-12-25 19:30:43,2021-12-25 19:30:43,0.587s,PASSED
"setText(findTestObject(""Object Repository/Page_To Ti khon Google/input_To Ti khon Google_Username""), ""khoapph18@gmail.com"")",Chrome 96.0.4664.110,,,2021-12-25 19:30:43,2021-12-25 19:30:44,0.955s,PASSED
"click(findTestObject(""Object Repository/Page_To Ti khon Google/div_Mt khu""))",Chrome 96.0.4664.110,,,2021-12-25 19:30:44,2021-12-25 19:30:45,0.489s,PASSED
"setText(findTestObject(""Object Repository/Page_To Ti khon Google/input_To Ti khon Google_Username""), ""khoapph18"")",Chrome 96.0.4664.110,,,2021-12-25 19:30:45,2021-12-25 19:30:46,0.962s,PASSED
"setEncryptedText(findTestObject(""Object Repository/Page_To Ti khon Google/input_S dng a ch email hin ti ca ti_ConfirmPasswd""), ""aeHFOx8jV/A="")",Chrome 96.0.4664.110,,,2021-12-25 19:30:46,2021-12-25 19:30:46,0.654s,PASSED
"click(findTestObject(""Object Repository/Page_To Ti khon Google/input_S dng 8 k t tr ln v kt hp ch ci, ch s_fea5ff""))",Chrome 96.0.4664.110,,,2021-12-25 19:30:46,2021-12-25 19:30:47,0.465s,PASSED
"doubleClick(findTestObject(""Object Repository/Page_To Ti khon Google/input_S dng 8 k t tr ln v kt hp ch ci, ch s_fea5ff""))",Chrome 96.0.4664.110,,,2021-12-25 19:30:47,2021-12-25 19:30:47,0.683s,PASSED
"click(findTestObject(""Object Repository/Page_To Ti khon Google/span_Tip theo""))",Chrome 96.0.4664.110,,,2021-12-25 19:30:47,2021-12-25 19:30:48,0.481s,PASSED
"click(findTestObject(""Object Repository/Page_To Ti khon Google/div_HTnTn ngi dnggmail.comBn c th s dng ch _7733d7""))",Chrome 96.0.4664.110,,,2021-12-25 19:30:48,2021-12-25 19:30:49,0.574s,PASSED
"setText(findTestObject(""Object Repository/Page_To Ti khon Google/input_S dng a ch email hin ti ca ti_Passwd_1""), ""12345678"")",Chrome 96.0.4664.110,,,2021-12-25 19:30:49,2021-12-25 19:30:50,1.009s,PASSED
"setText(findTestObject(""Object Repository/Page_To Ti khon Google/input_S dng a ch email hin ti ca ti_ConfirmPasswd_1""), ""12345678"")",Chrome 96.0.4664.110,,,2021-12-25 19:30:50,2021-12-25 19:30:50,0.896s,PASSED
"click(findTestObject(""Object Repository/Page_To Ti khon Google/div_Hin mt khu_VfPpkd-RLmnJb""))",Chrome 96.0.4664.110,,,2021-12-25 19:30:50,2021-12-25 19:31:04,13.434s,PASSED
"click(findTestObject(""Object Repository/Page_To Ti khon Google/span_ng nhp""))",Chrome 96.0.4664.110,,,2021-12-25 19:31:04,2021-12-25 19:31:05,1.035s,PASSED
"setText(findTestObject(""Object Repository/Page_ng nhp - Ti khon Google/input_test-b6178.firebaseapp.com_identifier""), """")",Chrome 96.0.4664.110,,,2021-12-25 19:31:05,2021-12-25 19:31:06,1.350s,PASSED
closeBrowser(),Chrome 96.0.4664.110,,,2021-12-25 19:31:06,2021-12-25 19:31:07,0.659s,PASSED
,,,,,,,
Test Cases/Login/Scenario 5/Test Case 4,Chrome 96.0.4664.110,,,2021-12-25 19:31:07,2021-12-25 19:31:13,6.118s,PASSED
"openBrowser("""")",Chrome 96.0.4664.110,,,2021-12-25 19:31:07,2021-12-25 19:31:09,1.800s,PASSED
"navigateToUrl(""http://localhost:3000/login"")",Chrome 96.0.4664.110,,,2021-12-25 19:31:09,2021-12-25 19:31:12,2.564s,PASSED
"click(findTestObject(""Object Repository/Page_Courses Roadmap/button_Sign Up""))",Chrome 96.0.4664.110,,,2021-12-25 19:31:12,2021-12-25 19:31:12,0.414s,PASSED
"click(findTestObject(""Object Repository/Page_Courses Roadmap/button_Sign up with Google""))",Chrome 96.0.4664.110,,,2021-12-25 19:31:12,2021-12-25 19:31:13,0.621s,PASSED
"click(findTestObject(""Object Repository/Page_Courses Roadmap/button_Sign In""))",Chrome 96.0.4664.110,,,2021-12-25 19:31:13,2021-12-25 19:31:13,0.484s,PASSED
,,,,,,,
Test Cases/Login/Scenario 5/Test Case 5,Chrome 96.0.4664.110,,,2021-12-25 19:31:13,2021-12-25 19:31:23,10.261s,PASSED
"openBrowser("""")",Chrome 96.0.4664.110,,,2021-12-25 19:31:13,2021-12-25 19:31:15,2.039s,PASSED
"navigateToUrl(""http://localhost:3000/login"")",Chrome 96.0.4664.110,,,2021-12-25 19:31:15,2021-12-25 19:31:17,1.967s,PASSED
"click(findTestObject(""Object Repository/Page_Courses Roadmap/button_Sign in with Google""))",Chrome 96.0.4664.110,,,2021-12-25 19:31:17,2021-12-25 19:31:18,0.560s,PASSED
"switchToWindowTitle(""Đăng nhập - Tài khoản Google"")",Chrome 96.0.4664.110,,,2021-12-25 19:31:18,2021-12-25 19:31:22,3.911s,PASSED
"setText(findTestObject(""Object Repository/Page_ng nhp - Ti khon Google/input_test-b6178.firebaseapp.com_identifier""), ""pak19@clc.fitus.hcmus.edu.vn"")",Chrome 96.0.4664.110,,,2021-12-25 19:31:22,2021-12-25 19:31:23,1.060s,PASSED
"sendKeys(findTestObject(""Object Repository/Page_ng nhp - Ti khon Google/input_test-b6178.firebaseapp.com_identifier""), Keys.chord(ENTER))",Chrome 96.0.4664.110,,,2021-12-25 19:31:23,2021-12-25 19:31:23,0.469s,PASSED
