Suite/Test/Step Name,Browser,Description,Tag,Start time,End time,Duration,Status
Scenario 4,Chrome 96.0.4664.110,,,2021-12-25 20:47:52,2021-12-25 20:48:36,44.098s,PASSED
,,,,,,,
Test Cases/Scenario 4/Test Case 1,Chrome 96.0.4664.110,,,2021-12-25 20:47:53,2021-12-25 20:48:03,10.750s,PASSED
"openBrowser("""")",Chrome 96.0.4664.110,,,2021-12-25 20:47:53,2021-12-25 20:47:57,3.414s,PASSED
"navigateToUrl(""http://localhost:3000/"")",Chrome 96.0.4664.110,,,2021-12-25 20:47:57,2021-12-25 20:47:59,2.570s,PASSED
"click(findTestObject(""Object Repository/Page_Courses Roadmap/button_Sign Up (5)""))",Chrome 96.0.4664.110,,,2021-12-25 20:47:59,2021-12-25 20:48:00,0.607s,PASSED
"setText(findTestObject(""Object Repository/Page_Courses Roadmap/input_Register_form-control (5)""), ""anhkhoa19@gmail.com"")",Chrome 96.0.4664.110,,,2021-12-25 20:48:00,2021-12-25 20:48:01,0.971s,PASSED
"setEncryptedText(findTestObject(""Object Repository/Page_Courses Roadmap/input_Email address_form-control (5)""), ""aeHFOx8jV/A="")",Chrome 96.0.4664.110,,,2021-12-25 20:48:01,2021-12-25 20:48:01,0.628s,PASSED
"setEncryptedText(findTestObject(""Object Repository/Page_Courses Roadmap/input_Password_form-control hi (5)""), ""aeHFOx8jV/A="")",Chrome 96.0.4664.110,,,2021-12-25 20:48:01,2021-12-25 20:48:02,0.557s,PASSED
"click(findTestObject(""Object Repository/Page_Courses Roadmap/button_Register (5)""))",Chrome 96.0.4664.110,,,2021-12-25 20:48:02,2021-12-25 20:48:03,0.470s,PASSED
closeBrowser(),Chrome 96.0.4664.110,,,2021-12-25 20:48:03,2021-12-25 20:48:03,0.840s,PASSED
,,,,,,,
Test Cases/Scenario 4/Test Case 2,Chrome 96.0.4664.110,,,2021-12-25 20:48:03,2021-12-25 20:48:12,8.249s,PASSED
"openBrowser("""")",Chrome 96.0.4664.110,,,2021-12-25 20:48:04,2021-12-25 20:48:05,1.351s,PASSED
"navigateToUrl(""http://localhost:3000/"")",Chrome 96.0.4664.110,,,2021-12-25 20:48:05,2021-12-25 20:48:08,2.291s,PASSED
"click(findTestObject(""Object Repository/Page_Courses Roadmap/button_Sign Up (6)""))",Chrome 96.0.4664.110,,,2021-12-25 20:48:08,2021-12-25 20:48:08,0.574s,PASSED
"setText(findTestObject(""Object Repository/Page_Courses Roadmap/input_Register_form-control (6)""), ""lnmnhat19@gmail.com"")",Chrome 96.0.4664.110,,,2021-12-25 20:48:08,2021-12-25 20:48:09,0.922s,PASSED
"setEncryptedText(findTestObject(""Object Repository/Page_Courses Roadmap/input_Email address_form-control (6)""), ""tzH6RvlfSTg="")",Chrome 96.0.4664.110,,,2021-12-25 20:48:09,2021-12-25 20:48:10,0.484s,PASSED
"setEncryptedText(findTestObject(""Object Repository/Page_Courses Roadmap/input_Password_form-control hi (6)""), ""tzH6RvlfSTg="")",Chrome 96.0.4664.110,,,2021-12-25 20:48:10,2021-12-25 20:48:10,0.509s,PASSED
"click(findTestObject(""Object Repository/Page_Courses Roadmap/button_Register (6)""))",Chrome 96.0.4664.110,,,2021-12-25 20:48:10,2021-12-25 20:48:11,0.474s,PASSED
closeBrowser(),Chrome 96.0.4664.110,,,2021-12-25 20:48:11,2021-12-25 20:48:12,1.028s,PASSED
,,,,,,,
Test Cases/Scenario 4/Test Case 3,Chrome 96.0.4664.110,,,2021-12-25 20:48:12,2021-12-25 20:48:20,8.581s,PASSED
"openBrowser("""")",Chrome 96.0.4664.110,,,2021-12-25 20:48:12,2021-12-25 20:48:14,1.308s,PASSED
"navigateToUrl(""http://localhost:3000/"")",Chrome 96.0.4664.110,,,2021-12-25 20:48:14,2021-12-25 20:48:16,2.889s,PASSED
"click(findTestObject(""Object Repository/Page_Courses Roadmap/button_Sign Up (7)""))",Chrome 96.0.4664.110,,,2021-12-25 20:48:16,2021-12-25 20:48:17,0.483s,PASSED
"setText(findTestObject(""Object Repository/Page_Courses Roadmap/input_Register_form-control (7)""), ""ducnam@gmail.com"")",Chrome 96.0.4664.110,,,2021-12-25 20:48:17,2021-12-25 20:48:18,0.902s,PASSED
"setEncryptedText(findTestObject(""Object Repository/Page_Courses Roadmap/input_Email address_form-control (7)""), ""FvZnUrAlWUE="")",Chrome 96.0.4664.110,,,2021-12-25 20:48:18,2021-12-25 20:48:18,0.542s,PASSED
"setEncryptedText(findTestObject(""Object Repository/Page_Courses Roadmap/input_Password_form-control hi (7)""), ""FvZnUrAlWUE="")",Chrome 96.0.4664.110,,,2021-12-25 20:48:18,2021-12-25 20:48:19,0.573s,PASSED
"click(findTestObject(""Object Repository/Page_Courses Roadmap/button_Register (7)""))",Chrome 96.0.4664.110,,,2021-12-25 20:48:19,2021-12-25 20:48:19,0.419s,PASSED
closeBrowser(),Chrome 96.0.4664.110,,,2021-12-25 20:48:19,2021-12-25 20:48:20,0.796s,PASSED
,,,,,,,
Test Cases/Scenario 4/Test Case 4,Chrome 96.0.4664.110,,,2021-12-25 20:48:20,2021-12-25 20:48:28,7.995s,PASSED
"openBrowser("""")",Chrome 96.0.4664.110,,,2021-12-25 20:48:21,2021-12-25 20:48:22,1.222s,PASSED
"navigateToUrl(""http://localhost:3000/"")",Chrome 96.0.4664.110,,,2021-12-25 20:48:22,2021-12-25 20:48:25,2.604s,PASSED
"click(findTestObject(""Object Repository/Page_Courses Roadmap/button_Sign Up (8)""))",Chrome 96.0.4664.110,,,2021-12-25 20:48:25,2021-12-25 20:48:25,0.432s,PASSED
"setText(findTestObject(""Object Repository/Page_Courses Roadmap/input_Register_form-control (8)""), ""huyanh19clc@gmail.com"")",Chrome 96.0.4664.110,,,2021-12-25 20:48:25,2021-12-25 20:48:26,0.955s,PASSED
"setEncryptedText(findTestObject(""Object Repository/Page_Courses Roadmap/input_Email address_form-control (8)""), ""00QiDgm/K5I="")",Chrome 96.0.4664.110,,,2021-12-25 20:48:26,2021-12-25 20:48:26,0.584s,PASSED
"setEncryptedText(findTestObject(""Object Repository/Page_Courses Roadmap/input_Password_form-control hi (8)""), ""00QiDgm/K5I="")",Chrome 96.0.4664.110,,,2021-12-25 20:48:26,2021-12-25 20:48:27,0.543s,PASSED
"click(findTestObject(""Object Repository/Page_Courses Roadmap/button_Register (8)""))",Chrome 96.0.4664.110,,,2021-12-25 20:48:27,2021-12-25 20:48:27,0.418s,PASSED
closeBrowser(),Chrome 96.0.4664.110,,,2021-12-25 20:48:27,2021-12-25 20:48:28,0.766s,PASSED
,,,,,,,
Test Cases/Scenario 4/Test Case 5,Chrome 96.0.4664.110,,,2021-12-25 20:48:28,2021-12-25 20:48:36,8.047s,PASSED
"openBrowser("""")",Chrome 96.0.4664.110,,,2021-12-25 20:48:29,2021-12-25 20:48:30,1.241s,PASSED
"navigateToUrl(""http://localhost:3000/"")",Chrome 96.0.4664.110,,,2021-12-25 20:48:30,2021-12-25 20:48:32,2.495s,PASSED
"click(findTestObject(""Object Repository/Page_Courses Roadmap/button_Sign Up (9)""))",Chrome 96.0.4664.110,,,2021-12-25 20:48:32,2021-12-25 20:48:33,0.442s,PASSED
"setText(findTestObject(""Object Repository/Page_Courses Roadmap/input_Register_form-control (9)""), ""lengocminhnhatntp@gmail.com"")",Chrome 96.0.4664.110,,,2021-12-25 20:48:33,2021-12-25 20:48:34,1.043s,PASSED
"setEncryptedText(findTestObject(""Object Repository/Page_Courses Roadmap/input_Email address_form-control (9)""), ""MfESEYCj3XM="")",Chrome 96.0.4664.110,,,2021-12-25 20:48:34,2021-12-25 20:48:35,0.572s,PASSED
"setEncryptedText(findTestObject(""Object Repository/Page_Courses Roadmap/input_Password_form-control hi (9)""), ""MfESEYCj3XM="")",Chrome 96.0.4664.110,,,2021-12-25 20:48:35,2021-12-25 20:48:35,0.542s,PASSED
"click(findTestObject(""Object Repository/Page_Courses Roadmap/button_Register (9)""))",Chrome 96.0.4664.110,,,2021-12-25 20:48:35,2021-12-25 20:48:36,0.482s,PASSED
closeBrowser(),Chrome 96.0.4664.110,,,2021-12-25 20:48:36,2021-12-25 20:48:36,0.726s,PASSED
