Suite/Test/Step Name,Browser,Description,Tag,Start time,End time,Duration,Status
Scenario 4,Chrome 96.0.4664.110,,,2021-12-25 17:46:53,2021-12-25 17:47:22,28.670s,PASSED
,,,,,,,
Test Cases/Scenario 4/Test Case 1,Chrome 96.0.4664.110,,,2021-12-25 17:46:53,2021-12-25 17:47:00,6.340s,PASSED
"openBrowser("""")",Chrome 96.0.4664.110,,,2021-12-25 17:46:54,2021-12-25 17:46:56,2.448s,PASSED
"navigateToUrl(""http://localhost:3000/"")",Chrome 96.0.4664.110,,,2021-12-25 17:46:56,2021-12-25 17:46:58,1.570s,PASSED
"setText(findTestObject(""Object Repository/Page_Courses Roadmap/input_Login_form-control (5)""), ""namworkmc@gmail.com"")",Chrome 96.0.4664.110,,,2021-12-25 17:46:58,2021-12-25 17:46:59,0.914s,PASSED
"setEncryptedText(findTestObject(""Object Repository/Page_Courses Roadmap/input_Email address_form-control (5)""), ""aeHFOx8jV/A="")",Chrome 96.0.4664.110,,,2021-12-25 17:46:59,2021-12-25 17:46:59,0.608s,PASSED
"click(findTestObject(""Object Repository/Page_Courses Roadmap/button_Login (5)""))",Chrome 96.0.4664.110,,,2021-12-25 17:46:59,2021-12-25 17:47:00,0.403s,PASSED
,,,,,,,
Test Cases/Scenario 4/Test Case 2,Chrome 96.0.4664.110,,,2021-12-25 17:47:00,2021-12-25 17:47:05,5.718s,PASSED
"openBrowser("""")",Chrome 96.0.4664.110,,,2021-12-25 17:47:00,2021-12-25 17:47:02,1.909s,PASSED
"navigateToUrl(""http://localhost:3000/"")",Chrome 96.0.4664.110,,,2021-12-25 17:47:02,2021-12-25 17:47:04,1.871s,PASSED
"setText(findTestObject(""Object Repository/Page_Courses Roadmap/input_Login_form-control (6)""), ""namworkmc+1@gmail.com"")",Chrome 96.0.4664.110,,,2021-12-25 17:47:04,2021-12-25 17:47:05,0.715s,PASSED
"setEncryptedText(findTestObject(""Object Repository/Page_Courses Roadmap/input_Email address_form-control (6)""), ""Tscr9DIxB28="")",Chrome 96.0.4664.110,,,2021-12-25 17:47:05,2021-12-25 17:47:05,0.440s,PASSED
"sendKeys(findTestObject(""Object Repository/Page_Courses Roadmap/input_Email address_form-control (6)""), Keys.chord(ENTER))",Chrome 96.0.4664.110,,,2021-12-25 17:47:05,2021-12-25 17:47:05,0.378s,PASSED
,,,,,,,
Test Cases/Scenario 4/Test Case 3,Chrome 96.0.4664.110,,,2021-12-25 17:47:05,2021-12-25 17:47:11,5.453s,PASSED
"openBrowser("""")",Chrome 96.0.4664.110,,,2021-12-25 17:47:06,2021-12-25 17:47:08,1.910s,PASSED
"navigateToUrl(""http://localhost:3000/"")",Chrome 96.0.4664.110,,,2021-12-25 17:47:08,2021-12-25 17:47:09,1.521s,PASSED
"setText(findTestObject(""Object Repository/Page_Courses Roadmap/input_Login_form-control (7)""), ""namworkmc+2@gmail.com"")",Chrome 96.0.4664.110,,,2021-12-25 17:47:09,2021-12-25 17:47:10,0.876s,PASSED
"setEncryptedText(findTestObject(""Object Repository/Page_Courses Roadmap/input_Email address_form-control (7)""), ""VVQVv6E0aAm2zuT8I081mA=="")",Chrome 96.0.4664.110,,,2021-12-25 17:47:10,2021-12-25 17:47:11,0.451s,PASSED
"sendKeys(findTestObject(""Object Repository/Page_Courses Roadmap/input_Email address_form-control (7)""), Keys.chord(ENTER))",Chrome 96.0.4664.110,,,2021-12-25 17:47:11,2021-12-25 17:47:11,0.360s,PASSED
,,,,,,,
Test Cases/Scenario 4/Test Case 4,Chrome 96.0.4664.110,,,2021-12-25 17:47:11,2021-12-25 17:47:16,5.452s,PASSED
"openBrowser("""")",Chrome 96.0.4664.110,,,2021-12-25 17:47:11,2021-12-25 17:47:13,1.876s,PASSED
"navigateToUrl(""http://localhost:3000/"")",Chrome 96.0.4664.110,,,2021-12-25 17:47:13,2021-12-25 17:47:15,1.709s,PASSED
"setText(findTestObject(""Object Repository/Page_Courses Roadmap/input_Login_form-control (8)""), ""dukenam@gmail.com"")",Chrome 96.0.4664.110,,,2021-12-25 17:47:15,2021-12-25 17:47:16,0.675s,PASSED
"setEncryptedText(findTestObject(""Object Repository/Page_Courses Roadmap/input_Email address_form-control (8)""), ""zdiWQ4qDX8oYkMXvOV/Sfg=="")",Chrome 96.0.4664.110,,,2021-12-25 17:47:16,2021-12-25 17:47:16,0.424s,PASSED
"click(findTestObject(""Object Repository/Page_Courses Roadmap/button_Login (6)""))",Chrome 96.0.4664.110,,,2021-12-25 17:47:16,2021-12-25 17:47:16,0.440s,PASSED
,,,,,,,
Test Cases/Scenario 4/Test Case 5,Chrome 96.0.4664.110,,,2021-12-25 17:47:16,2021-12-25 17:47:22,5.424s,PASSED
"openBrowser("""")",Chrome 96.0.4664.110,,,2021-12-25 17:47:17,2021-12-25 17:47:19,1.837s,PASSED
"navigateToUrl(""http://localhost:3000/"")",Chrome 96.0.4664.110,,,2021-12-25 17:47:19,2021-12-25 17:47:20,1.774s,PASSED
"setText(findTestObject(""Object Repository/Page_Courses Roadmap/input_Login_form-control (9)""), ""frogeha@gmail.com"")",Chrome 96.0.4664.110,,,2021-12-25 17:47:20,2021-12-25 17:47:21,0.715s,PASSED
"setEncryptedText(findTestObject(""Object Repository/Page_Courses Roadmap/input_Email address_form-control (9)""), ""ZkYqBf9WyLpBTlv8kD0/ig=="")",Chrome 96.0.4664.110,,,2021-12-25 17:47:21,2021-12-25 17:47:21,0.412s,PASSED
"click(findTestObject(""Object Repository/Page_Courses Roadmap/button_Login (7)""))",Chrome 96.0.4664.110,,,2021-12-25 17:47:21,2021-12-25 17:47:22,0.370s,PASSED
